commit,metric,unit,direction,p50
fe06bafe801ec0ce9c87371f051e87f4a20f07a9,openvmm_cold_start,ms,lower,287.363404
fe06bafe801ec0ce9c87371f051e87f4a20f07a9,openvmm_snapshot_restore,ms,lower,42.844641
fe06bafe801ec0ce9c87371f051e87f4a20f07a9,openvmm_cold_start_teardown,ms,lower,27.909018
fe06bafe801ec0ce9c87371f051e87f4a20f07a9,openvmm_snapshot_restore_teardown,ms,lower,32.520787
517c5b09be462a7cb8918fe4b2b2bd20a5c81c0e,openvmm_cold_start,ms,lower,249.919103
517c5b09be462a7cb8918fe4b2b2bd20a5c81c0e,openvmm_snapshot_restore,ms,lower,44.013453
517c5b09be462a7cb8918fe4b2b2bd20a5c81c0e,openvmm_cold_start_teardown,ms,lower,29.390835
517c5b09be462a7cb8918fe4b2b2bd20a5c81c0e,openvmm_snapshot_restore_teardown,ms,lower,31.295363
828ce5aa88de93285ad1e8df880cd8fe277ce181,openvmm_cold_start,ms,lower,286.907624
828ce5aa88de93285ad1e8df880cd8fe277ce181,openvmm_snapshot_restore,ms,lower,42.12832
828ce5aa88de93285ad1e8df880cd8fe277ce181,openvmm_cold_start_teardown,ms,lower,31.738767
828ce5aa88de93285ad1e8df880cd8fe277ce181,openvmm_snapshot_restore_teardown,ms,lower,33.438992
ec3931162552abb1e56c6c9df3ec9eb20e870e14,openvmm_cold_start,ms,lower,289.232358
ec3931162552abb1e56c6c9df3ec9eb20e870e14,openvmm_snapshot_restore,ms,lower,44.053148
ec3931162552abb1e56c6c9df3ec9eb20e870e14,openvmm_cold_start_teardown,ms,lower,34.334805
ec3931162552abb1e56c6c9df3ec9eb20e870e14,openvmm_snapshot_restore_teardown,ms,lower,43.524641
4e0921c928ea00b7b42e7f440787c0dcf3b5d861,cold_start_base,ms,lower,383.4
4e0921c928ea00b7b42e7f440787c0dcf3b5d861,cold_start_clocksource,ms,lower,344
4e0921c928ea00b7b42e7f440787c0dcf3b5d861,cold_start_cryptomgr_notests,ms,lower,382.1
4e0921c928ea00b7b42e7f440787c0dcf3b5d861,cold_start_mitigations_off,ms,lower,276.9
4e0921c928ea00b7b42e7f440787c0dcf3b5d861,cold_start_no_timer_check,ms,lower,381.3
4e0921c928ea00b7b42e7f440787c0dcf3b5d861,cold_start_nokaslr,ms,lower,381.1
4e0921c928ea00b7b42e7f440787c0dcf3b5d861,cold_start_random_trust_cpu,ms,lower,381.7
4e0921c928ea00b7b42e7f440787c0dcf3b5d861,cold_start_rcu_expedited,ms,lower,381.8
4e0921c928ea00b7b42e7f440787c0dcf3b5d861,cold_start_tsc_reliable,ms,lower,381.1
4e0921c928ea00b7b42e7f440787c0dcf3b5d861,shell_snapshot_cold_128_mib,ms,lower,371.7
4e0921c928ea00b7b42e7f440787c0dcf3b5d861,shell_snapshot_cold_256_mib,ms,lower,391.8
4e0921c928ea00b7b42e7f440787c0dcf3b5d861,shell_snapshot_cold_512_mib,ms,lower,409.5
4e0921c928ea00b7b42e7f440787c0dcf3b5d861,shell_snapshot_cold_64_mib,ms,lower,376.8
4e0921c928ea00b7b42e7f440787c0dcf3b5d861,shell_snapshot_restore_128_mib,ms,lower,44.7
4e0921c928ea00b7b42e7f440787c0dcf3b5d861,shell_snapshot_restore_256_mib,ms,lower,52.3
4e0921c928ea00b7b42e7f440787c0dcf3b5d861,shell_snapshot_restore_512_mib,ms,lower,67.8
4e0921c928ea00b7b42e7f440787c0dcf3b5d861,shell_snapshot_restore_64_mib,ms,lower,41.1
4e0921c928ea00b7b42e7f440787c0dcf3b5d861,virtfs_live_read,MB/s,higher,711.1
4e0921c928ea00b7b42e7f440787c0dcf3b5d861,virtfs_live_roundtrip,ms,lower,555.8
4e0921c928ea00b7b42e7f440787c0dcf3b5d861,virtfs_live_write,MB/s,higher,533.3
1f9da6b4c75c79e3f5db2b787cf3ddc2ce5c7472,cold_start_base,ms,lower,381.4
1f9da6b4c75c79e3f5db2b787cf3ddc2ce5c7472,cold_start_clocksource,ms,lower,371.5
1f9da6b4c75c79e3f5db2b787cf3ddc2ce5c7472,cold_start_cryptomgr_notests,ms,lower,346.1
1f9da6b4c75c79e3f5db2b787cf3ddc2ce5c7472,cold_start_mitigations_off,ms,lower,276.1
1f9da6b4c75c79e3f5db2b787cf3ddc2ce5c7472,cold_start_no_timer_check,ms,lower,387
1f9da6b4c75c79e3f5db2b787cf3ddc2ce5c7472,cold_start_nokaslr,ms,lower,392.4
1f9da6b4c75c79e3f5db2b787cf3ddc2ce5c7472,cold_start_random_trust_cpu,ms,lower,381.9
1f9da6b4c75c79e3f5db2b787cf3ddc2ce5c7472,cold_start_rcu_expedited,ms,lower,381.9
1f9da6b4c75c79e3f5db2b787cf3ddc2ce5c7472,cold_start_tsc_reliable,ms,lower,382.2
1f9da6b4c75c79e3f5db2b787cf3ddc2ce5c7472,shell_snapshot_cold_128_mib,ms,lower,380.1
1f9da6b4c75c79e3f5db2b787cf3ddc2ce5c7472,shell_snapshot_cold_256_mib,ms,lower,389.8
1f9da6b4c75c79e3f5db2b787cf3ddc2ce5c7472,shell_snapshot_cold_512_mib,ms,lower,399.3
1f9da6b4c75c79e3f5db2b787cf3ddc2ce5c7472,shell_snapshot_cold_64_mib,ms,lower,378.8
1f9da6b4c75c79e3f5db2b787cf3ddc2ce5c7472,shell_snapshot_restore_128_mib,ms,lower,44.4
1f9da6b4c75c79e3f5db2b787cf3ddc2ce5c7472,shell_snapshot_restore_256_mib,ms,lower,52.5
1f9da6b4c75c79e3f5db2b787cf3ddc2ce5c7472,shell_snapshot_restore_512_mib,ms,lower,67.7
1f9da6b4c75c79e3f5db2b787cf3ddc2ce5c7472,shell_snapshot_restore_64_mib,ms,lower,40.6
1f9da6b4c75c79e3f5db2b787cf3ddc2ce5c7472,virtfs_live_read,MB/s,higher,711.1
1f9da6b4c75c79e3f5db2b787cf3ddc2ce5c7472,virtfs_live_roundtrip,ms,lower,559.5
1f9da6b4c75c79e3f5db2b787cf3ddc2ce5c7472,virtfs_live_write,MB/s,higher,533.3
24302b2c145db2a1626a55558e979c95dd57590c,cold_start_base,ms,lower,381.8
24302b2c145db2a1626a55558e979c95dd57590c,cold_start_clocksource,ms,lower,345.1
24302b2c145db2a1626a55558e979c95dd57590c,cold_start_cryptomgr_notests,ms,lower,381.6
24302b2c145db2a1626a55558e979c95dd57590c,cold_start_mitigations_off,ms,lower,287.1
24302b2c145db2a1626a55558e979c95dd57590c,cold_start_no_timer_check,ms,lower,381.1
24302b2c145db2a1626a55558e979c95dd57590c,cold_start_nokaslr,ms,lower,381.2
24302b2c145db2a1626a55558e979c95dd57590c,cold_start_random_trust_cpu,ms,lower,381.7
24302b2c145db2a1626a55558e979c95dd57590c,cold_start_rcu_expedited,ms,lower,382.6
24302b2c145db2a1626a55558e979c95dd57590c,cold_start_tsc_reliable,ms,lower,382.3
24302b2c145db2a1626a55558e979c95dd57590c,shell_snapshot_cold_128_mib,ms,lower,381.2
24302b2c145db2a1626a55558e979c95dd57590c,shell_snapshot_cold_256_mib,ms,lower,389.7
24302b2c145db2a1626a55558e979c95dd57590c,shell_snapshot_cold_512_mib,ms,lower,371.4
24302b2c145db2a1626a55558e979c95dd57590c,shell_snapshot_cold_64_mib,ms,lower,341.6
24302b2c145db2a1626a55558e979c95dd57590c,shell_snapshot_restore_128_mib,ms,lower,44.1
24302b2c145db2a1626a55558e979c95dd57590c,shell_snapshot_restore_256_mib,ms,lower,52
24302b2c145db2a1626a55558e979c95dd57590c,shell_snapshot_restore_512_mib,ms,lower,67.3
24302b2c145db2a1626a55558e979c95dd57590c,shell_snapshot_restore_64_mib,ms,lower,41
24302b2c145db2a1626a55558e979c95dd57590c,virtfs_live_read,MB/s,higher,711.1
24302b2c145db2a1626a55558e979c95dd57590c,virtfs_live_roundtrip,ms,lower,543.3
24302b2c145db2a1626a55558e979c95dd57590c,virtfs_live_write,MB/s,higher,533.3
5ca716a0e6ac102a0a9bec90df7b5a0e950663af,cold_start_base,ms,lower,379.1
5ca716a0e6ac102a0a9bec90df7b5a0e950663af,cold_start_clocksource,ms,lower,378.3
5ca716a0e6ac102a0a9bec90df7b5a0e950663af,cold_start_cryptomgr_notests,ms,lower,379
5ca716a0e6ac102a0a9bec90df7b5a0e950663af,cold_start_mitigations_off,ms,lower,284.3
5ca716a0e6ac102a0a9bec90df7b5a0e950663af,cold_start_no_timer_check,ms,lower,341.9
5ca716a0e6ac102a0a9bec90df7b5a0e950663af,cold_start_nokaslr,ms,lower,369
5ca716a0e6ac102a0a9bec90df7b5a0e950663af,cold_start_random_trust_cpu,ms,lower,378
5ca716a0e6ac102a0a9bec90df7b5a0e950663af,cold_start_rcu_expedited,ms,lower,380.3
5ca716a0e6ac102a0a9bec90df7b5a0e950663af,cold_start_tsc_reliable,ms,lower,378.5
5ca716a0e6ac102a0a9bec90df7b5a0e950663af,shell_snapshot_cold_128_mib,ms,lower,379.7
5ca716a0e6ac102a0a9bec90df7b5a0e950663af,shell_snapshot_cold_256_mib,ms,lower,350.7
5ca716a0e6ac102a0a9bec90df7b5a0e950663af,shell_snapshot_cold_512_mib,ms,lower,406.3
5ca716a0e6ac102a0a9bec90df7b5a0e950663af,shell_snapshot_cold_64_mib,ms,lower,375.4
5ca716a0e6ac102a0a9bec90df7b5a0e950663af,shell_snapshot_restore_128_mib,ms,lower,43.7
5ca716a0e6ac102a0a9bec90df7b5a0e950663af,shell_snapshot_restore_256_mib,ms,lower,51.4
5ca716a0e6ac102a0a9bec90df7b5a0e950663af,shell_snapshot_restore_512_mib,ms,lower,66.6
5ca716a0e6ac102a0a9bec90df7b5a0e950663af,shell_snapshot_restore_64_mib,ms,lower,39.9
5ca716a0e6ac102a0a9bec90df7b5a0e950663af,virtfs_live_read,MB/s,higher,711.1
5ca716a0e6ac102a0a9bec90df7b5a0e950663af,virtfs_live_roundtrip,ms,lower,507.4
5ca716a0e6ac102a0a9bec90df7b5a0e950663af,virtfs_live_write,MB/s,higher,533.3
3fbebeef8f0973a5a6f3cfe8a876870ecdddac9e,cold_start_base,ms,lower,380.8
3fbebeef8f0973a5a6f3cfe8a876870ecdddac9e,cold_start_clocksource,ms,lower,381.1
3fbebeef8f0973a5a6f3cfe8a876870ecdddac9e,cold_start_cryptomgr_notests,ms,lower,381.6
3fbebeef8f0973a5a6f3cfe8a876870ecdddac9e,cold_start_mitigations_off,ms,lower,284.5
3fbebeef8f0973a5a6f3cfe8a876870ecdddac9e,cold_start_no_timer_check,ms,lower,380.2
3fbebeef8f0973a5a6f3cfe8a876870ecdddac9e,cold_start_nokaslr,ms,lower,380
3fbebeef8f0973a5a6f3cfe8a876870ecdddac9e,cold_start_random_trust_cpu,ms,lower,381.8
3fbebeef8f0973a5a6f3cfe8a876870ecdddac9e,cold_start_rcu_expedited,ms,lower,382.1
3fbebeef8f0973a5a6f3cfe8a876870ecdddac9e,cold_start_tsc_reliable,ms,lower,394.9
3fbebeef8f0973a5a6f3cfe8a876870ecdddac9e,shell_snapshot_cold_128_mib,ms,lower,380
3fbebeef8f0973a5a6f3cfe8a876870ecdddac9e,shell_snapshot_cold_256_mib,ms,lower,389.5
3fbebeef8f0973a5a6f3cfe8a876870ecdddac9e,shell_snapshot_cold_512_mib,ms,lower,406
3fbebeef8f0973a5a6f3cfe8a876870ecdddac9e,shell_snapshot_cold_64_mib,ms,lower,377.8
3fbebeef8f0973a5a6f3cfe8a876870ecdddac9e,shell_snapshot_restore_128_mib,ms,lower,43.6
3fbebeef8f0973a5a6f3cfe8a876870ecdddac9e,shell_snapshot_restore_256_mib,ms,lower,52.1
3fbebeef8f0973a5a6f3cfe8a876870ecdddac9e,shell_snapshot_restore_512_mib,ms,lower,67
3fbebeef8f0973a5a6f3cfe8a876870ecdddac9e,shell_snapshot_restore_64_mib,ms,lower,40.4
3fbebeef8f0973a5a6f3cfe8a876870ecdddac9e,virtfs_live_read,MB/s,higher,711.1
3fbebeef8f0973a5a6f3cfe8a876870ecdddac9e,virtfs_live_roundtrip,ms,lower,543
3fbebeef8f0973a5a6f3cfe8a876870ecdddac9e,virtfs_live_write,MB/s,higher,533.3
92652d59c483b402b10fac9499626244521808f5,cold_start_base,ms,lower,381
92652d59c483b402b10fac9499626244521808f5,cold_start_clocksource,ms,lower,382.1
92652d59c483b402b10fac9499626244521808f5,cold_start_cryptomgr_notests,ms,lower,380.9
92652d59c483b402b10fac9499626244521808f5,cold_start_mitigations_off,ms,lower,286
92652d59c483b402b10fac9499626244521808f5,cold_start_no_timer_check,ms,lower,382
92652d59c483b402b10fac9499626244521808f5,cold_start_nokaslr,ms,lower,344.4
92652d59c483b402b10fac9499626244521808f5,cold_start_random_trust_cpu,ms,lower,381.6
92652d59c483b402b10fac9499626244521808f5,cold_start_rcu_expedited,ms,lower,381.7
92652d59c483b402b10fac9499626244521808f5,cold_start_tsc_reliable,ms,lower,345.3
92652d59c483b402b10fac9499626244521808f5,shell_snapshot_cold_128_mib,ms,lower,372.4
92652d59c483b402b10fac9499626244521808f5,shell_snapshot_cold_256_mib,ms,lower,392.2
92652d59c483b402b10fac9499626244521808f5,shell_snapshot_cold_512_mib,ms,lower,409.8
92652d59c483b402b10fac9499626244521808f5,shell_snapshot_cold_64_mib,ms,lower,378.4
92652d59c483b402b10fac9499626244521808f5,shell_snapshot_restore_128_mib,ms,lower,44.5
92652d59c483b402b10fac9499626244521808f5,shell_snapshot_restore_256_mib,ms,lower,52.6
92652d59c483b402b10fac9499626244521808f5,shell_snapshot_restore_512_mib,ms,lower,68.1
92652d59c483b402b10fac9499626244521808f5,shell_snapshot_restore_64_mib,ms,lower,41.2
92652d59c483b402b10fac9499626244521808f5,virtfs_live_read,MB/s,higher,711.1
92652d59c483b402b10fac9499626244521808f5,virtfs_live_roundtrip,ms,lower,563.3
92652d59c483b402b10fac9499626244521808f5,virtfs_live_write,MB/s,higher,533.3
33089acd08a5e6ddbd925c6a815051a972940284,cold_start_base,ms,lower,347.3
33089acd08a5e6ddbd925c6a815051a972940284,cold_start_clocksource,ms,lower,381.7
33089acd08a5e6ddbd925c6a815051a972940284,cold_start_cryptomgr_notests,ms,lower,381.5
33089acd08a5e6ddbd925c6a815051a972940284,cold_start_mitigations_off,ms,lower,290.2
33089acd08a5e6ddbd925c6a815051a972940284,cold_start_no_timer_check,ms,lower,342.2
33089acd08a5e6ddbd925c6a815051a972940284,cold_start_nokaslr,ms,lower,381.6
33089acd08a5e6ddbd925c6a815051a972940284,cold_start_random_trust_cpu,ms,lower,381.4
33089acd08a5e6ddbd925c6a815051a972940284,cold_start_rcu_expedited,ms,lower,381.8
33089acd08a5e6ddbd925c6a815051a972940284,cold_start_tsc_reliable,ms,lower,380.7
33089acd08a5e6ddbd925c6a815051a972940284,shell_snapshot_cold_128_mib,ms,lower,392.6
33089acd08a5e6ddbd925c6a815051a972940284,shell_snapshot_cold_256_mib,ms,lower,393.2
33089acd08a5e6ddbd925c6a815051a972940284,shell_snapshot_cold_512_mib,ms,lower,419.8
33089acd08a5e6ddbd925c6a815051a972940284,shell_snapshot_cold_64_mib,ms,lower,379
33089acd08a5e6ddbd925c6a815051a972940284,shell_snapshot_restore_128_mib,ms,lower,44.6
33089acd08a5e6ddbd925c6a815051a972940284,shell_snapshot_restore_256_mib,ms,lower,53.4
33089acd08a5e6ddbd925c6a815051a972940284,shell_snapshot_restore_512_mib,ms,lower,68.8
33089acd08a5e6ddbd925c6a815051a972940284,shell_snapshot_restore_64_mib,ms,lower,41.5
33089acd08a5e6ddbd925c6a815051a972940284,virtfs_live_read,MB/s,higher,711.1
33089acd08a5e6ddbd925c6a815051a972940284,virtfs_live_roundtrip,ms,lower,555.8
33089acd08a5e6ddbd925c6a815051a972940284,virtfs_live_write,MB/s,higher,533.3
c8f3da034e6556b0f1761bc84dff0352735e3401,cold_start_base,ms,lower,382.3
c8f3da034e6556b0f1761bc84dff0352735e3401,cold_start_clocksource,ms,lower,392
c8f3da034e6556b0f1761bc84dff0352735e3401,cold_start_cryptomgr_notests,ms,lower,382.8
c8f3da034e6556b0f1761bc84dff0352735e3401,cold_start_mitigations_off,ms,lower,356.6
c8f3da034e6556b0f1761bc84dff0352735e3401,cold_start_no_timer_check,ms,lower,383.2
c8f3da034e6556b0f1761bc84dff0352735e3401,cold_start_nokaslr,ms,lower,372.1
c8f3da034e6556b0f1761bc84dff0352735e3401,cold_start_random_trust_cpu,ms,lower,393.2
c8f3da034e6556b0f1761bc84dff0352735e3401,cold_start_rcu_expedited,ms,lower,382.1
c8f3da034e6556b0f1761bc84dff0352735e3401,cold_start_tsc_reliable,ms,lower,383.5
c8f3da034e6556b0f1761bc84dff0352735e3401,shell_snapshot_cold_128_mib,ms,lower,381.5
c8f3da034e6556b0f1761bc84dff0352735e3401,shell_snapshot_cold_256_mib,ms,lower,460.3
c8f3da034e6556b0f1761bc84dff0352735e3401,shell_snapshot_cold_512_mib,ms,lower,408.8
c8f3da034e6556b0f1761bc84dff0352735e3401,shell_snapshot_cold_64_mib,ms,lower,371.4
c8f3da034e6556b0f1761bc84dff0352735e3401,shell_snapshot_restore_128_mib,ms,lower,44.5
c8f3da034e6556b0f1761bc84dff0352735e3401,shell_snapshot_restore_256_mib,ms,lower,52.7
c8f3da034e6556b0f1761bc84dff0352735e3401,shell_snapshot_restore_512_mib,ms,lower,67.9
c8f3da034e6556b0f1761bc84dff0352735e3401,shell_snapshot_restore_64_mib,ms,lower,41
c8f3da034e6556b0f1761bc84dff0352735e3401,virtfs_live_read,MB/s,higher,711.1
c8f3da034e6556b0f1761bc84dff0352735e3401,virtfs_live_roundtrip,ms,lower,535.7
c8f3da034e6556b0f1761bc84dff0352735e3401,virtfs_live_write,MB/s,higher,533.3
3248825aa2ee93cb358b29ed9359916fb028830b,cold_start_base,ms,lower,382.1
3248825aa2ee93cb358b29ed9359916fb028830b,cold_start_clocksource,ms,lower,385.8
3248825aa2ee93cb358b29ed9359916fb028830b,cold_start_cryptomgr_notests,ms,lower,382.3
3248825aa2ee93cb358b29ed9359916fb028830b,cold_start_mitigations_off,ms,lower,286.7
3248825aa2ee93cb358b29ed9359916fb028830b,cold_start_no_timer_check,ms,lower,381.7
3248825aa2ee93cb358b29ed9359916fb028830b,cold_start_nokaslr,ms,lower,381.5
3248825aa2ee93cb358b29ed9359916fb028830b,cold_start_random_trust_cpu,ms,lower,380.3
3248825aa2ee93cb358b29ed9359916fb028830b,cold_start_rcu_expedited,ms,lower,451.9
3248825aa2ee93cb358b29ed9359916fb028830b,cold_start_tsc_reliable,ms,lower,382.5
3248825aa2ee93cb358b29ed9359916fb028830b,shell_snapshot_cold_128_mib,ms,lower,382.6
3248825aa2ee93cb358b29ed9359916fb028830b,shell_snapshot_cold_256_mib,ms,lower,390.1
3248825aa2ee93cb358b29ed9359916fb028830b,shell_snapshot_cold_512_mib,ms,lower,407.9
3248825aa2ee93cb358b29ed9359916fb028830b,shell_snapshot_cold_64_mib,ms,lower,377.3
3248825aa2ee93cb358b29ed9359916fb028830b,shell_snapshot_restore_128_mib,ms,lower,44.4
3248825aa2ee93cb358b29ed9359916fb028830b,shell_snapshot_restore_256_mib,ms,lower,52.6
3248825aa2ee93cb358b29ed9359916fb028830b,shell_snapshot_restore_512_mib,ms,lower,68
3248825aa2ee93cb358b29ed9359916fb028830b,shell_snapshot_restore_64_mib,ms,lower,40.9
3248825aa2ee93cb358b29ed9359916fb028830b,virtfs_live_read,MB/s,higher,711.1
3248825aa2ee93cb358b29ed9359916fb028830b,virtfs_live_roundtrip,ms,lower,551.4
3248825aa2ee93cb358b29ed9359916fb028830b,virtfs_live_write,MB/s,higher,533.3
ab732b42f34cdaaaf7cbdfd751a4c5570ed581b2,cold_start_base,ms,lower,342.3
ab732b42f34cdaaaf7cbdfd751a4c5570ed581b2,cold_start_clocksource,ms,lower,369.3
ab732b42f34cdaaaf7cbdfd751a4c5570ed581b2,cold_start_cryptomgr_notests,ms,lower,379.5
ab732b42f34cdaaaf7cbdfd751a4c5570ed581b2,cold_start_mitigations_off,ms,lower,284.4
ab732b42f34cdaaaf7cbdfd751a4c5570ed581b2,cold_start_no_timer_check,ms,lower,379.4
ab732b42f34cdaaaf7cbdfd751a4c5570ed581b2,cold_start_nokaslr,ms,lower,378.5
ab732b42f34cdaaaf7cbdfd751a4c5570ed581b2,cold_start_random_trust_cpu,ms,lower,341.6
ab732b42f34cdaaaf7cbdfd751a4c5570ed581b2,cold_start_rcu_expedited,ms,lower,379.1
ab732b42f34cdaaaf7cbdfd751a4c5570ed581b2,cold_start_tsc_reliable,ms,lower,370.1
ab732b42f34cdaaaf7cbdfd751a4c5570ed581b2,shell_snapshot_cold_128_mib,ms,lower,344.2
ab732b42f34cdaaaf7cbdfd751a4c5570ed581b2,shell_snapshot_cold_256_mib,ms,lower,387.5
ab732b42f34cdaaaf7cbdfd751a4c5570ed581b2,shell_snapshot_cold_512_mib,ms,lower,369.6
ab732b42f34cdaaaf7cbdfd751a4c5570ed581b2,shell_snapshot_cold_64_mib,ms,lower,387.2
ab732b42f34cdaaaf7cbdfd751a4c5570ed581b2,shell_snapshot_restore_128_mib,ms,lower,43.7
ab732b42f34cdaaaf7cbdfd751a4c5570ed581b2,shell_snapshot_restore_256_mib,ms,lower,52
ab732b42f34cdaaaf7cbdfd751a4c5570ed581b2,shell_snapshot_restore_512_mib,ms,lower,67.2
ab732b42f34cdaaaf7cbdfd751a4c5570ed581b2,shell_snapshot_restore_64_mib,ms,lower,40.4
ab732b42f34cdaaaf7cbdfd751a4c5570ed581b2,virtfs_live_read,MB/s,higher,711.1
ab732b42f34cdaaaf7cbdfd751a4c5570ed581b2,virtfs_live_roundtrip,ms,lower,554.9
ab732b42f34cdaaaf7cbdfd751a4c5570ed581b2,virtfs_live_write,MB/s,higher,533.3
2238c6ed4cd1b7eb2e2627a167335ae5bed9bfcf,cold_start_base,ms,lower,381.3
2238c6ed4cd1b7eb2e2627a167335ae5bed9bfcf,cold_start_clocksource,ms,lower,392.3
2238c6ed4cd1b7eb2e2627a167335ae5bed9bfcf,cold_start_cryptomgr_notests,ms,lower,342.6
2238c6ed4cd1b7eb2e2627a167335ae5bed9bfcf,cold_start_mitigations_off,ms,lower,276.9
2238c6ed4cd1b7eb2e2627a167335ae5bed9bfcf,cold_start_no_timer_check,ms,lower,390.7
2238c6ed4cd1b7eb2e2627a167335ae5bed9bfcf,cold_start_nokaslr,ms,lower,380.7
2238c6ed4cd1b7eb2e2627a167335ae5bed9bfcf,cold_start_random_trust_cpu,ms,lower,372.3
2238c6ed4cd1b7eb2e2627a167335ae5bed9bfcf,cold_start_rcu_expedited,ms,lower,382.7
2238c6ed4cd1b7eb2e2627a167335ae5bed9bfcf,cold_start_tsc_reliable,ms,lower,382
2238c6ed4cd1b7eb2e2627a167335ae5bed9bfcf,shell_snapshot_cold_128_mib,ms,lower,381.2
2238c6ed4cd1b7eb2e2627a167335ae5bed9bfcf,shell_snapshot_cold_256_mib,ms,lower,389.4
2238c6ed4cd1b7eb2e2627a167335ae5bed9bfcf,shell_snapshot_cold_512_mib,ms,lower,419.1
2238c6ed4cd1b7eb2e2627a167335ae5bed9bfcf,shell_snapshot_cold_64_mib,ms,lower,378.3
2238c6ed4cd1b7eb2e2627a167335ae5bed9bfcf,shell_snapshot_restore_128_mib,ms,lower,43.9
2238c6ed4cd1b7eb2e2627a167335ae5bed9bfcf,shell_snapshot_restore_256_mib,ms,lower,52.3
2238c6ed4cd1b7eb2e2627a167335ae5bed9bfcf,shell_snapshot_restore_512_mib,ms,lower,67.4
2238c6ed4cd1b7eb2e2627a167335ae5bed9bfcf,shell_snapshot_restore_64_mib,ms,lower,40.5
2238c6ed4cd1b7eb2e2627a167335ae5bed9bfcf,virtfs_live_read,MB/s,higher,711.1
2238c6ed4cd1b7eb2e2627a167335ae5bed9bfcf,virtfs_live_roundtrip,ms,lower,546.8
2238c6ed4cd1b7eb2e2627a167335ae5bed9bfcf,virtfs_live_write,MB/s,higher,492.3
b580cfd4f8e03850de36cc8d155ad866c2ce8173,cold_start_base,ms,lower,311.3
b580cfd4f8e03850de36cc8d155ad866c2ce8173,cold_start_clocksource,ms,lower,312.7
b580cfd4f8e03850de36cc8d155ad866c2ce8173,cold_start_cryptomgr_notests,ms,lower,312.1
b580cfd4f8e03850de36cc8d155ad866c2ce8173,cold_start_mitigations_off,ms,lower,216.4
b580cfd4f8e03850de36cc8d155ad866c2ce8173,cold_start_no_timer_check,ms,lower,270.2
b580cfd4f8e03850de36cc8d155ad866c2ce8173,cold_start_nokaslr,ms,lower,310.8
b580cfd4f8e03850de36cc8d155ad866c2ce8173,cold_start_random_trust_cpu,ms,lower,313
b580cfd4f8e03850de36cc8d155ad866c2ce8173,cold_start_rcu_expedited,ms,lower,311.6
b580cfd4f8e03850de36cc8d155ad866c2ce8173,cold_start_tsc_reliable,ms,lower,309.8
b580cfd4f8e03850de36cc8d155ad866c2ce8173,network_snapshot_cold,ms,lower,773.4
b580cfd4f8e03850de36cc8d155ad866c2ce8173,network_snapshot_restore,ms,lower,509.5
b580cfd4f8e03850de36cc8d155ad866c2ce8173,network_snapshot_restore_wall,ms,lower,653.6
b580cfd4f8e03850de36cc8d155ad866c2ce8173,shell_snapshot_cold_128_mib,ms,lower,315
b580cfd4f8e03850de36cc8d155ad866c2ce8173,shell_snapshot_cold_256_mib,ms,lower,319.1
b580cfd4f8e03850de36cc8d155ad866c2ce8173,shell_snapshot_cold_512_mib,ms,lower,339.4
b580cfd4f8e03850de36cc8d155ad866c2ce8173,shell_snapshot_cold_64_mib,ms,lower,306.7
b580cfd4f8e03850de36cc8d155ad866c2ce8173,shell_snapshot_restore_128_mib,ms,lower,45.1
b580cfd4f8e03850de36cc8d155ad866c2ce8173,shell_snapshot_restore_256_mib,ms,lower,53.6
b580cfd4f8e03850de36cc8d155ad866c2ce8173,shell_snapshot_restore_512_mib,ms,lower,69.2
b580cfd4f8e03850de36cc8d155ad866c2ce8173,shell_snapshot_restore_64_mib,ms,lower,41.9
b580cfd4f8e03850de36cc8d155ad866c2ce8173,virtfs_live_read,MB/s,higher,841.5
b580cfd4f8e03850de36cc8d155ad866c2ce8173,virtfs_live_roundtrip,ms,lower,523.3
b580cfd4f8e03850de36cc8d155ad866c2ce8173,virtfs_live_write,MB/s,higher,568.2
40d31b38da94ddf19805b37d7a40df05189c33fb,cold_start_base,ms,lower,359.5
40d31b38da94ddf19805b37d7a40df05189c33fb,cold_start_clocksource,ms,lower,358.3
40d31b38da94ddf19805b37d7a40df05189c33fb,cold_start_cryptomgr_notests,ms,lower,357.6
40d31b38da94ddf19805b37d7a40df05189c33fb,cold_start_mitigations_off,ms,lower,261.6
40d31b38da94ddf19805b37d7a40df05189c33fb,cold_start_no_timer_check,ms,lower,317.4
40d31b38da94ddf19805b37d7a40df05189c33fb,cold_start_nokaslr,ms,lower,359.1
40d31b38da94ddf19805b37d7a40df05189c33fb,cold_start_random_trust_cpu,ms,lower,357.6
40d31b38da94ddf19805b37d7a40df05189c33fb,cold_start_rcu_expedited,ms,lower,357.1
40d31b38da94ddf19805b37d7a40df05189c33fb,cold_start_tsc_reliable,ms,lower,356.9
40d31b38da94ddf19805b37d7a40df05189c33fb,network_snapshot_cold,ms,lower,818.5
40d31b38da94ddf19805b37d7a40df05189c33fb,network_snapshot_restore,ms,lower,505.9
40d31b38da94ddf19805b37d7a40df05189c33fb,network_snapshot_restore_wall,ms,lower,625.5
40d31b38da94ddf19805b37d7a40df05189c33fb,shell_snapshot_cold_128_mib,ms,lower,358.8
40d31b38da94ddf19805b37d7a40df05189c33fb,shell_snapshot_cold_256_mib,ms,lower,366.7
40d31b38da94ddf19805b37d7a40df05189c33fb,shell_snapshot_cold_512_mib,ms,lower,385.9
40d31b38da94ddf19805b37d7a40df05189c33fb,shell_snapshot_cold_64_mib,ms,lower,354.4
40d31b38da94ddf19805b37d7a40df05189c33fb,shell_snapshot_restore_128_mib,ms,lower,46.6
40d31b38da94ddf19805b37d7a40df05189c33fb,shell_snapshot_restore_256_mib,ms,lower,54.8
40d31b38da94ddf19805b37d7a40df05189c33fb,shell_snapshot_restore_512_mib,ms,lower,70
40d31b38da94ddf19805b37d7a40df05189c33fb,shell_snapshot_restore_64_mib,ms,lower,46.2
40d31b38da94ddf19805b37d7a40df05189c33fb,virtfs_live_read,MB/s,higher,831.3
40d31b38da94ddf19805b37d7a40df05189c33fb,virtfs_live_roundtrip,ms,lower,531.5
40d31b38da94ddf19805b37d7a40df05189c33fb,virtfs_live_write,MB/s,higher,573.4
c481b2cc27c44f103740c8d0fc02981cca031493,cold_start_base,ms,lower,356.3
c481b2cc27c44f103740c8d0fc02981cca031493,cold_start_clocksource,ms,lower,360.3
c481b2cc27c44f103740c8d0fc02981cca031493,cold_start_cryptomgr_notests,ms,lower,359.7
c481b2cc27c44f103740c8d0fc02981cca031493,cold_start_mitigations_off,ms,lower,259.1
c481b2cc27c44f103740c8d0fc02981cca031493,cold_start_no_timer_check,ms,lower,321.5
c481b2cc27c44f103740c8d0fc02981cca031493,cold_start_nokaslr,ms,lower,357.1
c481b2cc27c44f103740c8d0fc02981cca031493,cold_start_random_trust_cpu,ms,lower,356.7
c481b2cc27c44f103740c8d0fc02981cca031493,cold_start_rcu_expedited,ms,lower,356.3
c481b2cc27c44f103740c8d0fc02981cca031493,cold_start_tsc_reliable,ms,lower,358.3
c481b2cc27c44f103740c8d0fc02981cca031493,network_snapshot_cold,ms,lower,780.1
c481b2cc27c44f103740c8d0fc02981cca031493,network_snapshot_restore,ms,lower,461.5
c481b2cc27c44f103740c8d0fc02981cca031493,network_snapshot_restore_wall,ms,lower,586
c481b2cc27c44f103740c8d0fc02981cca031493,shell_snapshot_cold_128_mib,ms,lower,358.1
c481b2cc27c44f103740c8d0fc02981cca031493,shell_snapshot_cold_256_mib,ms,lower,365.7
c481b2cc27c44f103740c8d0fc02981cca031493,shell_snapshot_cold_512_mib,ms,lower,382.1
c481b2cc27c44f103740c8d0fc02981cca031493,shell_snapshot_cold_64_mib,ms,lower,354.4
c481b2cc27c44f103740c8d0fc02981cca031493,shell_snapshot_restore_128_mib,ms,lower,46.4
c481b2cc27c44f103740c8d0fc02981cca031493,shell_snapshot_restore_256_mib,ms,lower,55.5
c481b2cc27c44f103740c8d0fc02981cca031493,shell_snapshot_restore_512_mib,ms,lower,69.1
c481b2cc27c44f103740c8d0fc02981cca031493,shell_snapshot_restore_64_mib,ms,lower,45.6
c481b2cc27c44f103740c8d0fc02981cca031493,virtfs_live_read,MB/s,higher,840.6
c481b2cc27c44f103740c8d0fc02981cca031493,virtfs_live_roundtrip,ms,lower,527.6
c481b2cc27c44f103740c8d0fc02981cca031493,virtfs_live_write,MB/s,higher,590.7
bd4f3ca83c2440be9d4b50200bbd367fad9156d5,cold_start_base,ms,lower,358.2
bd4f3ca83c2440be9d4b50200bbd367fad9156d5,cold_start_clocksource,ms,lower,355.9
bd4f3ca83c2440be9d4b50200bbd367fad9156d5,cold_start_cryptomgr_notests,ms,lower,360.7
bd4f3ca83c2440be9d4b50200bbd367fad9156d5,cold_start_mitigations_off,ms,lower,260.8
bd4f3ca83c2440be9d4b50200bbd367fad9156d5,cold_start_no_timer_check,ms,lower,318.4
bd4f3ca83c2440be9d4b50200bbd367fad9156d5,cold_start_nokaslr,ms,lower,360
bd4f3ca83c2440be9d4b50200bbd367fad9156d5,cold_start_random_trust_cpu,ms,lower,355.1
bd4f3ca83c2440be9d4b50200bbd367fad9156d5,cold_start_rcu_expedited,ms,lower,356.7
bd4f3ca83c2440be9d4b50200bbd367fad9156d5,cold_start_tsc_reliable,ms,lower,358.1
bd4f3ca83c2440be9d4b50200bbd367fad9156d5,network_snapshot_cold,ms,lower,828.9
bd4f3ca83c2440be9d4b50200bbd367fad9156d5,network_snapshot_restore,ms,lower,478.6
bd4f3ca83c2440be9d4b50200bbd367fad9156d5,network_snapshot_restore_wall,ms,lower,570.2
bd4f3ca83c2440be9d4b50200bbd367fad9156d5,shell_snapshot_cold_128_mib,ms,lower,359
bd4f3ca83c2440be9d4b50200bbd367fad9156d5,shell_snapshot_cold_256_mib,ms,lower,368.9
bd4f3ca83c2440be9d4b50200bbd367fad9156d5,shell_snapshot_cold_512_mib,ms,lower,384.1
bd4f3ca83c2440be9d4b50200bbd367fad9156d5,shell_snapshot_cold_64_mib,ms,lower,352.9
bd4f3ca83c2440be9d4b50200bbd367fad9156d5,shell_snapshot_restore_128_mib,ms,lower,48
bd4f3ca83c2440be9d4b50200bbd367fad9156d5,shell_snapshot_restore_256_mib,ms,lower,56.8
bd4f3ca83c2440be9d4b50200bbd367fad9156d5,shell_snapshot_restore_512_mib,ms,lower,71.3
bd4f3ca83c2440be9d4b50200bbd367fad9156d5,shell_snapshot_restore_64_mib,ms,lower,47
bd4f3ca83c2440be9d4b50200bbd367fad9156d5,virtfs_live_read,MB/s,higher,832.5
bd4f3ca83c2440be9d4b50200bbd367fad9156d5,virtfs_live_roundtrip,ms,lower,528.7
bd4f3ca83c2440be9d4b50200bbd367fad9156d5,virtfs_live_write,MB/s,higher,580.7
d1c6b28e6588a70b8f12e1d929bc81d0db5afec4,cold_start_base,ms,lower,359.5
d1c6b28e6588a70b8f12e1d929bc81d0db5afec4,cold_start_clocksource,ms,lower,357.2
d1c6b28e6588a70b8f12e1d929bc81d0db5afec4,cold_start_cryptomgr_notests,ms,lower,357.8
d1c6b28e6588a70b8f12e1d929bc81d0db5afec4,cold_start_mitigations_off,ms,lower,262.3
d1c6b28e6588a70b8f12e1d929bc81d0db5afec4,cold_start_no_timer_check,ms,lower,319.2
d1c6b28e6588a70b8f12e1d929bc81d0db5afec4,cold_start_nokaslr,ms,lower,358.1
d1c6b28e6588a70b8f12e1d929bc81d0db5afec4,cold_start_random_trust_cpu,ms,lower,358.1
d1c6b28e6588a70b8f12e1d929bc81d0db5afec4,cold_start_rcu_expedited,ms,lower,359.1
d1c6b28e6588a70b8f12e1d929bc81d0db5afec4,cold_start_tsc_reliable,ms,lower,356.8
d1c6b28e6588a70b8f12e1d929bc81d0db5afec4,network_snapshot_cold,ms,lower,782.3
d1c6b28e6588a70b8f12e1d929bc81d0db5afec4,network_snapshot_restore,ms,lower,467.2
d1c6b28e6588a70b8f12e1d929bc81d0db5afec4,network_snapshot_restore_wall,ms,lower,597.5
d1c6b28e6588a70b8f12e1d929bc81d0db5afec4,shell_snapshot_cold_128_mib,ms,lower,357.8
d1c6b28e6588a70b8f12e1d929bc81d0db5afec4,shell_snapshot_cold_256_mib,ms,lower,366
d1c6b28e6588a70b8f12e1d929bc81d0db5afec4,shell_snapshot_cold_512_mib,ms,lower,383.2
d1c6b28e6588a70b8f12e1d929bc81d0db5afec4,shell_snapshot_cold_64_mib,ms,lower,355.3
d1c6b28e6588a70b8f12e1d929bc81d0db5afec4,shell_snapshot_restore_128_mib,ms,lower,46.8
d1c6b28e6588a70b8f12e1d929bc81d0db5afec4,shell_snapshot_restore_256_mib,ms,lower,56
d1c6b28e6588a70b8f12e1d929bc81d0db5afec4,shell_snapshot_restore_512_mib,ms,lower,70.1
d1c6b28e6588a70b8f12e1d929bc81d0db5afec4,shell_snapshot_restore_64_mib,ms,lower,46.2
d1c6b28e6588a70b8f12e1d929bc81d0db5afec4,virtfs_live_read,MB/s,higher,841.1
d1c6b28e6588a70b8f12e1d929bc81d0db5afec4,virtfs_live_roundtrip,ms,lower,523.4
d1c6b28e6588a70b8f12e1d929bc81d0db5afec4,virtfs_live_write,MB/s,higher,595.1
7159692ca74ffce34b75846fbcd9581015d37a09,cold_start_base,ms,lower,360.5
7159692ca74ffce34b75846fbcd9581015d37a09,cold_start_clocksource,ms,lower,360.4
7159692ca74ffce34b75846fbcd9581015d37a09,cold_start_cryptomgr_notests,ms,lower,361
7159692ca74ffce34b75846fbcd9581015d37a09,cold_start_mitigations_off,ms,lower,264.5
7159692ca74ffce34b75846fbcd9581015d37a09,cold_start_no_timer_check,ms,lower,321.2
7159692ca74ffce34b75846fbcd9581015d37a09,cold_start_nokaslr,ms,lower,360.3
7159692ca74ffce34b75846fbcd9581015d37a09,cold_start_random_trust_cpu,ms,lower,361.8
7159692ca74ffce34b75846fbcd9581015d37a09,cold_start_rcu_expedited,ms,lower,360.8
7159692ca74ffce34b75846fbcd9581015d37a09,cold_start_tsc_reliable,ms,lower,359.3
7159692ca74ffce34b75846fbcd9581015d37a09,network_snapshot_cold,ms,lower,804.7
7159692ca74ffce34b75846fbcd9581015d37a09,network_snapshot_restore,ms,lower,464.4
7159692ca74ffce34b75846fbcd9581015d37a09,network_snapshot_restore_wall,ms,lower,573.2
7159692ca74ffce34b75846fbcd9581015d37a09,shell_snapshot_cold_128_mib,ms,lower,359.5
7159692ca74ffce34b75846fbcd9581015d37a09,shell_snapshot_cold_256_mib,ms,lower,370
7159692ca74ffce34b75846fbcd9581015d37a09,shell_snapshot_cold_512_mib,ms,lower,386.4
7159692ca74ffce34b75846fbcd9581015d37a09,shell_snapshot_cold_64_mib,ms,lower,358.3
7159692ca74ffce34b75846fbcd9581015d37a09,shell_snapshot_restore_128_mib,ms,lower,48
7159692ca74ffce34b75846fbcd9581015d37a09,shell_snapshot_restore_256_mib,ms,lower,57.1
7159692ca74ffce34b75846fbcd9581015d37a09,shell_snapshot_restore_512_mib,ms,lower,71.6
7159692ca74ffce34b75846fbcd9581015d37a09,shell_snapshot_restore_64_mib,ms,lower,47.5
7159692ca74ffce34b75846fbcd9581015d37a09,virtfs_live_read,MB/s,higher,829.6
7159692ca74ffce34b75846fbcd9581015d37a09,virtfs_live_roundtrip,ms,lower,535.2
7159692ca74ffce34b75846fbcd9581015d37a09,virtfs_live_write,MB/s,higher,595.6
47b3769014cad1822090375f800d924a6fd884d5,cold_start_base,ms,lower,357.7
47b3769014cad1822090375f800d924a6fd884d5,cold_start_clocksource,ms,lower,357.1
47b3769014cad1822090375f800d924a6fd884d5,cold_start_cryptomgr_notests,ms,lower,356.1
47b3769014cad1822090375f800d924a6fd884d5,cold_start_mitigations_off,ms,lower,264.2
47b3769014cad1822090375f800d924a6fd884d5,cold_start_no_timer_check,ms,lower,320.5
47b3769014cad1822090375f800d924a6fd884d5,cold_start_nokaslr,ms,lower,358
47b3769014cad1822090375f800d924a6fd884d5,cold_start_random_trust_cpu,ms,lower,357.1
47b3769014cad1822090375f800d924a6fd884d5,cold_start_rcu_expedited,ms,lower,356.6
47b3769014cad1822090375f800d924a6fd884d5,cold_start_tsc_reliable,ms,lower,358.2
47b3769014cad1822090375f800d924a6fd884d5,network_snapshot_cold,ms,lower,772.6
47b3769014cad1822090375f800d924a6fd884d5,network_snapshot_restore,ms,lower,455.3
47b3769014cad1822090375f800d924a6fd884d5,network_snapshot_restore_wall,ms,lower,573.5
47b3769014cad1822090375f800d924a6fd884d5,shell_snapshot_cold_128_mib,ms,lower,360.4
47b3769014cad1822090375f800d924a6fd884d5,shell_snapshot_cold_256_mib,ms,lower,366.1
47b3769014cad1822090375f800d924a6fd884d5,shell_snapshot_cold_512_mib,ms,lower,382.6
47b3769014cad1822090375f800d924a6fd884d5,shell_snapshot_cold_64_mib,ms,lower,352.9
47b3769014cad1822090375f800d924a6fd884d5,shell_snapshot_restore_128_mib,ms,lower,48.2
47b3769014cad1822090375f800d924a6fd884d5,shell_snapshot_restore_256_mib,ms,lower,56.7
47b3769014cad1822090375f800d924a6fd884d5,shell_snapshot_restore_512_mib,ms,lower,70.2
47b3769014cad1822090375f800d924a6fd884d5,shell_snapshot_restore_64_mib,ms,lower,45.2
47b3769014cad1822090375f800d924a6fd884d5,virtfs_live_read,MB/s,higher,826.8
47b3769014cad1822090375f800d924a6fd884d5,virtfs_live_roundtrip,ms,lower,531.3
47b3769014cad1822090375f800d924a6fd884d5,virtfs_live_write,MB/s,higher,585.5
23fd9e7bde0ad6e2810373e06d1321b33e07564d,cold_start_base,ms,lower,359.7
23fd9e7bde0ad6e2810373e06d1321b33e07564d,cold_start_clocksource,ms,lower,357.8
23fd9e7bde0ad6e2810373e06d1321b33e07564d,cold_start_cryptomgr_notests,ms,lower,357.2
23fd9e7bde0ad6e2810373e06d1321b33e07564d,cold_start_mitigations_off,ms,lower,261
23fd9e7bde0ad6e2810373e06d1321b33e07564d,cold_start_no_timer_check,ms,lower,317.1
23fd9e7bde0ad6e2810373e06d1321b33e07564d,cold_start_nokaslr,ms,lower,357
23fd9e7bde0ad6e2810373e06d1321b33e07564d,cold_start_random_trust_cpu,ms,lower,357.1
23fd9e7bde0ad6e2810373e06d1321b33e07564d,cold_start_rcu_expedited,ms,lower,356.4
23fd9e7bde0ad6e2810373e06d1321b33e07564d,cold_start_tsc_reliable,ms,lower,358.3
23fd9e7bde0ad6e2810373e06d1321b33e07564d,network_snapshot_cold,ms,lower,779.1
23fd9e7bde0ad6e2810373e06d1321b33e07564d,network_snapshot_restore,ms,lower,479.4
23fd9e7bde0ad6e2810373e06d1321b33e07564d,network_snapshot_restore_wall,ms,lower,605.1
23fd9e7bde0ad6e2810373e06d1321b33e07564d,shell_snapshot_cold_128_mib,ms,lower,356.3
23fd9e7bde0ad6e2810373e06d1321b33e07564d,shell_snapshot_cold_256_mib,ms,lower,366.4
23fd9e7bde0ad6e2810373e06d1321b33e07564d,shell_snapshot_cold_512_mib,ms,lower,383.6
23fd9e7bde0ad6e2810373e06d1321b33e07564d,shell_snapshot_cold_64_mib,ms,lower,350.2
23fd9e7bde0ad6e2810373e06d1321b33e07564d,shell_snapshot_restore_128_mib,ms,lower,47.9
23fd9e7bde0ad6e2810373e06d1321b33e07564d,shell_snapshot_restore_256_mib,ms,lower,56.9
23fd9e7bde0ad6e2810373e06d1321b33e07564d,shell_snapshot_restore_512_mib,ms,lower,69.7
23fd9e7bde0ad6e2810373e06d1321b33e07564d,shell_snapshot_restore_64_mib,ms,lower,44.6
23fd9e7bde0ad6e2810373e06d1321b33e07564d,virtfs_live_read,MB/s,higher,836.2
23fd9e7bde0ad6e2810373e06d1321b33e07564d,virtfs_live_roundtrip,ms,lower,527.8
23fd9e7bde0ad6e2810373e06d1321b33e07564d,virtfs_live_write,MB/s,higher,593.2
34b1cd64d175fd80675fb5efb1233586be37b929,cold_start_base,ms,lower,356.5
34b1cd64d175fd80675fb5efb1233586be37b929,cold_start_clocksource,ms,lower,357.7
34b1cd64d175fd80675fb5efb1233586be37b929,cold_start_cryptomgr_notests,ms,lower,355.6
34b1cd64d175fd80675fb5efb1233586be37b929,cold_start_mitigations_off,ms,lower,259.9
34b1cd64d175fd80675fb5efb1233586be37b929,cold_start_no_timer_check,ms,lower,314.4
34b1cd64d175fd80675fb5efb1233586be37b929,cold_start_nokaslr,ms,lower,357.7
34b1cd64d175fd80675fb5efb1233586be37b929,cold_start_random_trust_cpu,ms,lower,357.2
34b1cd64d175fd80675fb5efb1233586be37b929,cold_start_rcu_expedited,ms,lower,358.9
34b1cd64d175fd80675fb5efb1233586be37b929,cold_start_tsc_reliable,ms,lower,357.4
34b1cd64d175fd80675fb5efb1233586be37b929,network_snapshot_cold,ms,lower,812.5
34b1cd64d175fd80675fb5efb1233586be37b929,network_snapshot_restore,ms,lower,451.6
34b1cd64d175fd80675fb5efb1233586be37b929,network_snapshot_restore_wall,ms,lower,565.2
34b1cd64d175fd80675fb5efb1233586be37b929,shell_snapshot_cold_128_mib,ms,lower,358.1
34b1cd64d175fd80675fb5efb1233586be37b929,shell_snapshot_cold_256_mib,ms,lower,367.1
34b1cd64d175fd80675fb5efb1233586be37b929,shell_snapshot_cold_512_mib,ms,lower,384.4
34b1cd64d175fd80675fb5efb1233586be37b929,shell_snapshot_cold_64_mib,ms,lower,351.7
34b1cd64d175fd80675fb5efb1233586be37b929,shell_snapshot_restore_128_mib,ms,lower,47.9
34b1cd64d175fd80675fb5efb1233586be37b929,shell_snapshot_restore_256_mib,ms,lower,57.1
34b1cd64d175fd80675fb5efb1233586be37b929,shell_snapshot_restore_512_mib,ms,lower,70.4
34b1cd64d175fd80675fb5efb1233586be37b929,shell_snapshot_restore_64_mib,ms,lower,44.7
34b1cd64d175fd80675fb5efb1233586be37b929,virtfs_live_read,MB/s,higher,816.8
34b1cd64d175fd80675fb5efb1233586be37b929,virtfs_live_roundtrip,ms,lower,539.4
34b1cd64d175fd80675fb5efb1233586be37b929,virtfs_live_write,MB/s,higher,550
3806f650a2b3fa17c4d55be7db37c18efe87b98e,cold_start_base,ms,lower,354.4
3806f650a2b3fa17c4d55be7db37c18efe87b98e,cold_start_clocksource,ms,lower,353.8
3806f650a2b3fa17c4d55be7db37c18efe87b98e,cold_start_cryptomgr_notests,ms,lower,352.9
3806f650a2b3fa17c4d55be7db37c18efe87b98e,cold_start_mitigations_off,ms,lower,257.6
3806f650a2b3fa17c4d55be7db37c18efe87b98e,cold_start_no_timer_check,ms,lower,314.6
3806f650a2b3fa17c4d55be7db37c18efe87b98e,cold_start_nokaslr,ms,lower,353.6
3806f650a2b3fa17c4d55be7db37c18efe87b98e,cold_start_random_trust_cpu,ms,lower,354.9
3806f650a2b3fa17c4d55be7db37c18efe87b98e,cold_start_rcu_expedited,ms,lower,353.9
3806f650a2b3fa17c4d55be7db37c18efe87b98e,cold_start_tsc_reliable,ms,lower,356.1
3806f650a2b3fa17c4d55be7db37c18efe87b98e,network_snapshot_cold,ms,lower,371
3806f650a2b3fa17c4d55be7db37c18efe87b98e,network_snapshot_restore,ms,lower,58.1
3806f650a2b3fa17c4d55be7db37c18efe87b98e,network_snapshot_restore_wall,ms,lower,119.2
3806f650a2b3fa17c4d55be7db37c18efe87b98e,shell_snapshot_cold_128_mib,ms,lower,354.1
3806f650a2b3fa17c4d55be7db37c18efe87b98e,shell_snapshot_cold_256_mib,ms,lower,364.1
3806f650a2b3fa17c4d55be7db37c18efe87b98e,shell_snapshot_cold_512_mib,ms,lower,381.9
3806f650a2b3fa17c4d55be7db37c18efe87b98e,shell_snapshot_cold_64_mib,ms,lower,349.8
3806f650a2b3fa17c4d55be7db37c18efe87b98e,shell_snapshot_restore_128_mib,ms,lower,47.1
3806f650a2b3fa17c4d55be7db37c18efe87b98e,shell_snapshot_restore_256_mib,ms,lower,55.9
3806f650a2b3fa17c4d55be7db37c18efe87b98e,shell_snapshot_restore_512_mib,ms,lower,69.5
3806f650a2b3fa17c4d55be7db37c18efe87b98e,shell_snapshot_restore_64_mib,ms,lower,43.5
3806f650a2b3fa17c4d55be7db37c18efe87b98e,virtfs_live_read,MB/s,higher,838.5
3806f650a2b3fa17c4d55be7db37c18efe87b98e,virtfs_live_roundtrip,ms,lower,531.5
3806f650a2b3fa17c4d55be7db37c18efe87b98e,virtfs_live_write,MB/s,higher,604.7
b76ba7c334ebcff74c0de42abe7367246991bf99,cold_start_base,ms,lower,358.7
b76ba7c334ebcff74c0de42abe7367246991bf99,cold_start_clocksource,ms,lower,359.1
b76ba7c334ebcff74c0de42abe7367246991bf99,cold_start_cryptomgr_notests,ms,lower,358.7
b76ba7c334ebcff74c0de42abe7367246991bf99,cold_start_mitigations_off,ms,lower,262.2
b76ba7c334ebcff74c0de42abe7367246991bf99,cold_start_no_timer_check,ms,lower,318.4
b76ba7c334ebcff74c0de42abe7367246991bf99,cold_start_nokaslr,ms,lower,355.6
b76ba7c334ebcff74c0de42abe7367246991bf99,cold_start_random_trust_cpu,ms,lower,358.9
b76ba7c334ebcff74c0de42abe7367246991bf99,cold_start_rcu_expedited,ms,lower,359
b76ba7c334ebcff74c0de42abe7367246991bf99,cold_start_tsc_reliable,ms,lower,359.8
b76ba7c334ebcff74c0de42abe7367246991bf99,network_snapshot_cold,ms,lower,376.9
b76ba7c334ebcff74c0de42abe7367246991bf99,network_snapshot_restore,ms,lower,60
b76ba7c334ebcff74c0de42abe7367246991bf99,network_snapshot_restore_wall,ms,lower,147.5
b76ba7c334ebcff74c0de42abe7367246991bf99,openvmm_cold_start,ms,lower,225.330871
b76ba7c334ebcff74c0de42abe7367246991bf99,openvmm_cold_start_guest_exit_teardown,ms,lower,45.45684
b76ba7c334ebcff74c0de42abe7367246991bf99,openvmm_cold_start_peak_rss,MiB,lower,71.12109375
b76ba7c334ebcff74c0de42abe7367246991bf99,openvmm_snapshot_generation,ms,lower,230.757247
b76ba7c334ebcff74c0de42abe7367246991bf99,openvmm_snapshot_generation_peak_rss,MiB,lower,72.3359375
b76ba7c334ebcff74c0de42abe7367246991bf99,openvmm_snapshot_restore,ms,lower,46.86926
b76ba7c334ebcff74c0de42abe7367246991bf99,openvmm_snapshot_restore_guest_exit_teardown,ms,lower,243.736629
b76ba7c334ebcff74c0de42abe7367246991bf99,openvmm_snapshot_restore_peak_rss,MiB,lower,50.96875
b76ba7c334ebcff74c0de42abe7367246991bf99,shell_snapshot_cold_128_mib,ms,lower,359.6
b76ba7c334ebcff74c0de42abe7367246991bf99,shell_snapshot_cold_256_mib,ms,lower,368.9
b76ba7c334ebcff74c0de42abe7367246991bf99,shell_snapshot_cold_512_mib,ms,lower,385.8
b76ba7c334ebcff74c0de42abe7367246991bf99,shell_snapshot_cold_64_mib,ms,lower,354.5
b76ba7c334ebcff74c0de42abe7367246991bf99,shell_snapshot_restore_128_mib,ms,lower,48
b76ba7c334ebcff74c0de42abe7367246991bf99,shell_snapshot_restore_256_mib,ms,lower,57.3
b76ba7c334ebcff74c0de42abe7367246991bf99,shell_snapshot_restore_512_mib,ms,lower,70.2
b76ba7c334ebcff74c0de42abe7367246991bf99,shell_snapshot_restore_64_mib,ms,lower,44.8
b76ba7c334ebcff74c0de42abe7367246991bf99,virtfs_live_read,MB/s,higher,824.1
b76ba7c334ebcff74c0de42abe7367246991bf99,virtfs_live_roundtrip,ms,lower,507.3
b76ba7c334ebcff74c0de42abe7367246991bf99,virtfs_live_write,MB/s,higher,585.7
a1fcf240cb59bb7c9676c53c6188655a12171b28,cold_start_base,ms,lower,356.6
a1fcf240cb59bb7c9676c53c6188655a12171b28,cold_start_clocksource,ms,lower,354.8
a1fcf240cb59bb7c9676c53c6188655a12171b28,cold_start_cryptomgr_notests,ms,lower,353.8
a1fcf240cb59bb7c9676c53c6188655a12171b28,cold_start_mitigations_off,ms,lower,259.8
a1fcf240cb59bb7c9676c53c6188655a12171b28,cold_start_no_timer_check,ms,lower,314.7
a1fcf240cb59bb7c9676c53c6188655a12171b28,cold_start_nokaslr,ms,lower,355.3
a1fcf240cb59bb7c9676c53c6188655a12171b28,cold_start_random_trust_cpu,ms,lower,354.9
a1fcf240cb59bb7c9676c53c6188655a12171b28,cold_start_rcu_expedited,ms,lower,357.1
a1fcf240cb59bb7c9676c53c6188655a12171b28,cold_start_tsc_reliable,ms,lower,355.4
a1fcf240cb59bb7c9676c53c6188655a12171b28,network_snapshot_cold,ms,lower,371.9
a1fcf240cb59bb7c9676c53c6188655a12171b28,network_snapshot_restore,ms,lower,57.6
a1fcf240cb59bb7c9676c53c6188655a12171b28,network_snapshot_restore_wall,ms,lower,144.1
a1fcf240cb59bb7c9676c53c6188655a12171b28,openvmm_cold_start,ms,lower,217.270574
a1fcf240cb59bb7c9676c53c6188655a12171b28,openvmm_cold_start_guest_exit_teardown,ms,lower,41.926794
a1fcf240cb59bb7c9676c53c6188655a12171b28,openvmm_cold_start_peak_rss,MiB,lower,70.62109375
a1fcf240cb59bb7c9676c53c6188655a12171b28,openvmm_snapshot_generation,ms,lower,167.454269
a1fcf240cb59bb7c9676c53c6188655a12171b28,openvmm_snapshot_generation_peak_rss,MiB,lower,72.14453125
a1fcf240cb59bb7c9676c53c6188655a12171b28,openvmm_snapshot_restore,ms,lower,44.412529
a1fcf240cb59bb7c9676c53c6188655a12171b28,openvmm_snapshot_restore_guest_exit_teardown,ms,lower,199.174518
a1fcf240cb59bb7c9676c53c6188655a12171b28,openvmm_snapshot_restore_peak_rss,MiB,lower,50.58984375
a1fcf240cb59bb7c9676c53c6188655a12171b28,shell_snapshot_cold_128_mib,ms,lower,355
a1fcf240cb59bb7c9676c53c6188655a12171b28,shell_snapshot_cold_256_mib,ms,lower,364.9
a1fcf240cb59bb7c9676c53c6188655a12171b28,shell_snapshot_cold_512_mib,ms,lower,383.4
a1fcf240cb59bb7c9676c53c6188655a12171b28,shell_snapshot_cold_64_mib,ms,lower,346.9
a1fcf240cb59bb7c9676c53c6188655a12171b28,shell_snapshot_restore_128_mib,ms,lower,46.9
a1fcf240cb59bb7c9676c53c6188655a12171b28,shell_snapshot_restore_256_mib,ms,lower,55.8
a1fcf240cb59bb7c9676c53c6188655a12171b28,shell_snapshot_restore_512_mib,ms,lower,69.1
a1fcf240cb59bb7c9676c53c6188655a12171b28,shell_snapshot_restore_64_mib,ms,lower,42.7
a1fcf240cb59bb7c9676c53c6188655a12171b28,virtfs_live_read,MB/s,higher,832.1
a1fcf240cb59bb7c9676c53c6188655a12171b28,virtfs_live_roundtrip,ms,lower,511.3
a1fcf240cb59bb7c9676c53c6188655a12171b28,virtfs_live_write,MB/s,higher,583.5
a67aa7da64323d0b1f0beb1e676be364ab50759c,cold_start_base,ms,lower,359.7
a67aa7da64323d0b1f0beb1e676be364ab50759c,cold_start_clocksource,ms,lower,357.8
a67aa7da64323d0b1f0beb1e676be364ab50759c,cold_start_cryptomgr_notests,ms,lower,357.4
a67aa7da64323d0b1f0beb1e676be364ab50759c,cold_start_mitigations_off,ms,lower,262.9
a67aa7da64323d0b1f0beb1e676be364ab50759c,cold_start_no_timer_check,ms,lower,320.6
a67aa7da64323d0b1f0beb1e676be364ab50759c,cold_start_nokaslr,ms,lower,357.1
a67aa7da64323d0b1f0beb1e676be364ab50759c,cold_start_random_trust_cpu,ms,lower,360.6
a67aa7da64323d0b1f0beb1e676be364ab50759c,cold_start_rcu_expedited,ms,lower,357.6
a67aa7da64323d0b1f0beb1e676be364ab50759c,cold_start_tsc_reliable,ms,lower,361.3
a67aa7da64323d0b1f0beb1e676be364ab50759c,network_snapshot_cold,ms,lower,375
a67aa7da64323d0b1f0beb1e676be364ab50759c,network_snapshot_restore,ms,lower,60.2
a67aa7da64323d0b1f0beb1e676be364ab50759c,network_snapshot_restore_wall,ms,lower,132.3
a67aa7da64323d0b1f0beb1e676be364ab50759c,openvmm_cold_start,ms,lower,220.839101
a67aa7da64323d0b1f0beb1e676be364ab50759c,openvmm_cold_start_guest_exit_teardown,ms,lower,46.249828
a67aa7da64323d0b1f0beb1e676be364ab50759c,openvmm_cold_start_peak_rss,MiB,lower,70.625
a67aa7da64323d0b1f0beb1e676be364ab50759c,openvmm_snapshot_generation,ms,lower,205.681794
a67aa7da64323d0b1f0beb1e676be364ab50759c,openvmm_snapshot_generation_peak_rss,MiB,lower,72.14453125
a67aa7da64323d0b1f0beb1e676be364ab50759c,openvmm_snapshot_restore,ms,lower,47.020239
a67aa7da64323d0b1f0beb1e676be364ab50759c,openvmm_snapshot_restore_guest_exit_teardown,ms,lower,204.62518
a67aa7da64323d0b1f0beb1e676be364ab50759c,openvmm_snapshot_restore_peak_rss,MiB,lower,50.58984375
a67aa7da64323d0b1f0beb1e676be364ab50759c,shell_snapshot_cold_128_mib,ms,lower,357.5
a67aa7da64323d0b1f0beb1e676be364ab50759c,shell_snapshot_cold_256_mib,ms,lower,366.9
a67aa7da64323d0b1f0beb1e676be364ab50759c,shell_snapshot_cold_512_mib,ms,lower,386.5
a67aa7da64323d0b1f0beb1e676be364ab50759c,shell_snapshot_cold_64_mib,ms,lower,350.8
a67aa7da64323d0b1f0beb1e676be364ab50759c,shell_snapshot_restore_128_mib,ms,lower,48.7
a67aa7da64323d0b1f0beb1e676be364ab50759c,shell_snapshot_restore_256_mib,ms,lower,57.6
a67aa7da64323d0b1f0beb1e676be364ab50759c,shell_snapshot_restore_512_mib,ms,lower,70.8
a67aa7da64323d0b1f0beb1e676be364ab50759c,shell_snapshot_restore_64_mib,ms,lower,45
a67aa7da64323d0b1f0beb1e676be364ab50759c,virtfs_live_read,MB/s,higher,825.7
a67aa7da64323d0b1f0beb1e676be364ab50759c,virtfs_live_roundtrip,ms,lower,519.1
a67aa7da64323d0b1f0beb1e676be364ab50759c,virtfs_live_write,MB/s,higher,568.5
053ffdcae0e470abe265bb002884ef633bf7b4ee,cold_start_base,ms,lower,359.2
053ffdcae0e470abe265bb002884ef633bf7b4ee,cold_start_clocksource,ms,lower,357.2
053ffdcae0e470abe265bb002884ef633bf7b4ee,cold_start_cryptomgr_notests,ms,lower,358.2
053ffdcae0e470abe265bb002884ef633bf7b4ee,cold_start_mitigations_off,ms,lower,260.4
053ffdcae0e470abe265bb002884ef633bf7b4ee,cold_start_no_timer_check,ms,lower,320.3
053ffdcae0e470abe265bb002884ef633bf7b4ee,cold_start_nokaslr,ms,lower,357.2
053ffdcae0e470abe265bb002884ef633bf7b4ee,cold_start_random_trust_cpu,ms,lower,357.4
053ffdcae0e470abe265bb002884ef633bf7b4ee,cold_start_rcu_expedited,ms,lower,358.9
053ffdcae0e470abe265bb002884ef633bf7b4ee,cold_start_tsc_reliable,ms,lower,356.3
053ffdcae0e470abe265bb002884ef633bf7b4ee,network_snapshot_cold,ms,lower,372.6
053ffdcae0e470abe265bb002884ef633bf7b4ee,network_snapshot_restore,ms,lower,57.3
053ffdcae0e470abe265bb002884ef633bf7b4ee,network_snapshot_restore_wall,ms,lower,135.7
053ffdcae0e470abe265bb002884ef633bf7b4ee,openvmm_cold_start,ms,lower,222.471683
053ffdcae0e470abe265bb002884ef633bf7b4ee,openvmm_cold_start_guest_exit_teardown,ms,lower,39.195061
053ffdcae0e470abe265bb002884ef633bf7b4ee,openvmm_cold_start_peak_rss,MiB,lower,71.125
053ffdcae0e470abe265bb002884ef633bf7b4ee,openvmm_snapshot_generation,ms,lower,264.389384
053ffdcae0e470abe265bb002884ef633bf7b4ee,openvmm_snapshot_generation_peak_rss,MiB,lower,72.3984375
053ffdcae0e470abe265bb002884ef633bf7b4ee,openvmm_snapshot_restore,ms,lower,45.163846
053ffdcae0e470abe265bb002884ef633bf7b4ee,openvmm_snapshot_restore_guest_exit_teardown,ms,lower,206.606656
053ffdcae0e470abe265bb002884ef633bf7b4ee,openvmm_snapshot_restore_peak_rss,MiB,lower,51.03125
053ffdcae0e470abe265bb002884ef633bf7b4ee,shell_snapshot_cold_128_mib,ms,lower,358.9
053ffdcae0e470abe265bb002884ef633bf7b4ee,shell_snapshot_cold_256_mib,ms,lower,369
053ffdcae0e470abe265bb002884ef633bf7b4ee,shell_snapshot_cold_512_mib,ms,lower,383.1
053ffdcae0e470abe265bb002884ef633bf7b4ee,shell_snapshot_cold_64_mib,ms,lower,349.7
053ffdcae0e470abe265bb002884ef633bf7b4ee,shell_snapshot_restore_128_mib,ms,lower,46.1
053ffdcae0e470abe265bb002884ef633bf7b4ee,shell_snapshot_restore_256_mib,ms,lower,54.5
053ffdcae0e470abe265bb002884ef633bf7b4ee,shell_snapshot_restore_512_mib,ms,lower,68.9
053ffdcae0e470abe265bb002884ef633bf7b4ee,shell_snapshot_restore_64_mib,ms,lower,43
053ffdcae0e470abe265bb002884ef633bf7b4ee,virtfs_live_read,MB/s,higher,852.2
053ffdcae0e470abe265bb002884ef633bf7b4ee,virtfs_live_roundtrip,ms,lower,518.9
053ffdcae0e470abe265bb002884ef633bf7b4ee,virtfs_live_write,MB/s,higher,598.4
7f8f30ac7e90e601eba9315a6a838b7f64b97315,cold_start_base,ms,lower,357.4
7f8f30ac7e90e601eba9315a6a838b7f64b97315,cold_start_clocksource,ms,lower,357.8
7f8f30ac7e90e601eba9315a6a838b7f64b97315,cold_start_cryptomgr_notests,ms,lower,358.5
7f8f30ac7e90e601eba9315a6a838b7f64b97315,cold_start_mitigations_off,ms,lower,263.7
7f8f30ac7e90e601eba9315a6a838b7f64b97315,cold_start_no_timer_check,ms,lower,318.1
7f8f30ac7e90e601eba9315a6a838b7f64b97315,cold_start_nokaslr,ms,lower,357.1
7f8f30ac7e90e601eba9315a6a838b7f64b97315,cold_start_random_trust_cpu,ms,lower,355.6
7f8f30ac7e90e601eba9315a6a838b7f64b97315,cold_start_rcu_expedited,ms,lower,357.1
7f8f30ac7e90e601eba9315a6a838b7f64b97315,cold_start_tsc_reliable,ms,lower,358.3
7f8f30ac7e90e601eba9315a6a838b7f64b97315,network_snapshot_cold,ms,lower,373.6
7f8f30ac7e90e601eba9315a6a838b7f64b97315,network_snapshot_restore,ms,lower,59.4
7f8f30ac7e90e601eba9315a6a838b7f64b97315,network_snapshot_restore_wall,ms,lower,159.1
7f8f30ac7e90e601eba9315a6a838b7f64b97315,openvmm_cold_start,ms,lower,220.733379
7f8f30ac7e90e601eba9315a6a838b7f64b97315,openvmm_cold_start_guest_exit_teardown,ms,lower,42.529312
7f8f30ac7e90e601eba9315a6a838b7f64b97315,openvmm_cold_start_peak_rss,MiB,lower,71.125
7f8f30ac7e90e601eba9315a6a838b7f64b97315,openvmm_snapshot_generation,ms,lower,176.156137
7f8f30ac7e90e601eba9315a6a838b7f64b97315,openvmm_snapshot_generation_peak_rss,MiB,lower,72.3984375
7f8f30ac7e90e601eba9315a6a838b7f64b97315,openvmm_snapshot_restore,ms,lower,46.845774
7f8f30ac7e90e601eba9315a6a838b7f64b97315,openvmm_snapshot_restore_guest_exit_teardown,ms,lower,216.62552
7f8f30ac7e90e601eba9315a6a838b7f64b97315,openvmm_snapshot_restore_peak_rss,MiB,lower,51.03125
7f8f30ac7e90e601eba9315a6a838b7f64b97315,shell_snapshot_cold_128_mib,ms,lower,358.8
7f8f30ac7e90e601eba9315a6a838b7f64b97315,shell_snapshot_cold_256_mib,ms,lower,366
7f8f30ac7e90e601eba9315a6a838b7f64b97315,shell_snapshot_cold_512_mib,ms,lower,384.5
7f8f30ac7e90e601eba9315a6a838b7f64b97315,shell_snapshot_cold_64_mib,ms,lower,351.1
7f8f30ac7e90e601eba9315a6a838b7f64b97315,shell_snapshot_restore_128_mib,ms,lower,47.5
7f8f30ac7e90e601eba9315a6a838b7f64b97315,shell_snapshot_restore_256_mib,ms,lower,56.9
7f8f30ac7e90e601eba9315a6a838b7f64b97315,shell_snapshot_restore_512_mib,ms,lower,70.2
7f8f30ac7e90e601eba9315a6a838b7f64b97315,shell_snapshot_restore_64_mib,ms,lower,44.6
7f8f30ac7e90e601eba9315a6a838b7f64b97315,virtfs_live_read,MB/s,higher,832.6
7f8f30ac7e90e601eba9315a6a838b7f64b97315,virtfs_live_roundtrip,ms,lower,563.1
7f8f30ac7e90e601eba9315a6a838b7f64b97315,virtfs_live_write,MB/s,higher,578.9
a63204107d8ec4b8ca60c9bb848f7152321ff46c,cold_start_base,ms,lower,359.8
a63204107d8ec4b8ca60c9bb848f7152321ff46c,cold_start_clocksource,ms,lower,360.3
a63204107d8ec4b8ca60c9bb848f7152321ff46c,cold_start_cryptomgr_notests,ms,lower,357.9
a63204107d8ec4b8ca60c9bb848f7152321ff46c,cold_start_mitigations_off,ms,lower,264.1
a63204107d8ec4b8ca60c9bb848f7152321ff46c,cold_start_no_timer_check,ms,lower,321
a63204107d8ec4b8ca60c9bb848f7152321ff46c,cold_start_nokaslr,ms,lower,361.9
a63204107d8ec4b8ca60c9bb848f7152321ff46c,cold_start_random_trust_cpu,ms,lower,360.7
a63204107d8ec4b8ca60c9bb848f7152321ff46c,cold_start_rcu_expedited,ms,lower,360.3
a63204107d8ec4b8ca60c9bb848f7152321ff46c,cold_start_tsc_reliable,ms,lower,358.8
a63204107d8ec4b8ca60c9bb848f7152321ff46c,network_snapshot_cold,ms,lower,376.8
a63204107d8ec4b8ca60c9bb848f7152321ff46c,network_snapshot_restore,ms,lower,58.9
a63204107d8ec4b8ca60c9bb848f7152321ff46c,network_snapshot_restore_wall,ms,lower,140.4
a63204107d8ec4b8ca60c9bb848f7152321ff46c,openvmm_cold_start,ms,lower,221.739475
a63204107d8ec4b8ca60c9bb848f7152321ff46c,openvmm_cold_start_guest_exit_teardown,ms,lower,42.321625
a63204107d8ec4b8ca60c9bb848f7152321ff46c,openvmm_cold_start_peak_rss,MiB,lower,69.00390625
a63204107d8ec4b8ca60c9bb848f7152321ff46c,openvmm_snapshot_generation,ms,lower,44.796062
a63204107d8ec4b8ca60c9bb848f7152321ff46c,openvmm_snapshot_generation_peak_rss,MiB,lower,72.2734375
a63204107d8ec4b8ca60c9bb848f7152321ff46c,openvmm_snapshot_restore,ms,lower,46.633289
a63204107d8ec4b8ca60c9bb848f7152321ff46c,openvmm_snapshot_restore_guest_exit_teardown,ms,lower,1217.115476
a63204107d8ec4b8ca60c9bb848f7152321ff46c,openvmm_snapshot_restore_peak_rss,MiB,lower,50.96875
a63204107d8ec4b8ca60c9bb848f7152321ff46c,shell_snapshot_cold_128_mib,ms,lower,359.2
a63204107d8ec4b8ca60c9bb848f7152321ff46c,shell_snapshot_cold_256_mib,ms,lower,367.3
a63204107d8ec4b8ca60c9bb848f7152321ff46c,shell_snapshot_cold_512_mib,ms,lower,385.3
a63204107d8ec4b8ca60c9bb848f7152321ff46c,shell_snapshot_cold_64_mib,ms,lower,354.5
a63204107d8ec4b8ca60c9bb848f7152321ff46c,shell_snapshot_restore_128_mib,ms,lower,48.3
a63204107d8ec4b8ca60c9bb848f7152321ff46c,shell_snapshot_restore_256_mib,ms,lower,57.4
a63204107d8ec4b8ca60c9bb848f7152321ff46c,shell_snapshot_restore_512_mib,ms,lower,70.1
a63204107d8ec4b8ca60c9bb848f7152321ff46c,shell_snapshot_restore_64_mib,ms,lower,44.5
a63204107d8ec4b8ca60c9bb848f7152321ff46c,virtfs_live_read,MB/s,higher,824.5
a63204107d8ec4b8ca60c9bb848f7152321ff46c,virtfs_live_roundtrip,ms,lower,567.7
a63204107d8ec4b8ca60c9bb848f7152321ff46c,virtfs_live_write,MB/s,higher,594.7
22eb4941fa9cc80b463cc3f38e652958c01644be,cold_start_base,ms,lower,357.4
22eb4941fa9cc80b463cc3f38e652958c01644be,cold_start_clocksource,ms,lower,358.2
22eb4941fa9cc80b463cc3f38e652958c01644be,cold_start_cryptomgr_notests,ms,lower,358.6
22eb4941fa9cc80b463cc3f38e652958c01644be,cold_start_mitigations_off,ms,lower,262.2
22eb4941fa9cc80b463cc3f38e652958c01644be,cold_start_no_timer_check,ms,lower,320.2
22eb4941fa9cc80b463cc3f38e652958c01644be,cold_start_nokaslr,ms,lower,356.6
22eb4941fa9cc80b463cc3f38e652958c01644be,cold_start_random_trust_cpu,ms,lower,357.9
22eb4941fa9cc80b463cc3f38e652958c01644be,cold_start_rcu_expedited,ms,lower,361.3
22eb4941fa9cc80b463cc3f38e652958c01644be,cold_start_tsc_reliable,ms,lower,358
22eb4941fa9cc80b463cc3f38e652958c01644be,network_snapshot_cold,ms,lower,375.7
22eb4941fa9cc80b463cc3f38e652958c01644be,network_snapshot_restore,ms,lower,59.5
22eb4941fa9cc80b463cc3f38e652958c01644be,network_snapshot_restore_wall,ms,lower,140.4
22eb4941fa9cc80b463cc3f38e652958c01644be,openvmm_cold_start,ms,lower,221.153794
22eb4941fa9cc80b463cc3f38e652958c01644be,openvmm_cold_start_guest_exit_teardown,ms,lower,43.247325
22eb4941fa9cc80b463cc3f38e652958c01644be,openvmm_cold_start_peak_rss,MiB,lower,71.0625
22eb4941fa9cc80b463cc3f38e652958c01644be,openvmm_snapshot_generation,ms,lower,81.69318
22eb4941fa9cc80b463cc3f38e652958c01644be,openvmm_snapshot_generation_peak_rss,MiB,lower,72.3359375
22eb4941fa9cc80b463cc3f38e652958c01644be,openvmm_snapshot_restore,ms,lower,46.868577
22eb4941fa9cc80b463cc3f38e652958c01644be,openvmm_snapshot_restore_guest_exit_teardown,ms,lower,1149.85431
22eb4941fa9cc80b463cc3f38e652958c01644be,openvmm_snapshot_restore_peak_rss,MiB,lower,50.96875
22eb4941fa9cc80b463cc3f38e652958c01644be,shell_snapshot_cold_128_mib,ms,lower,359.4
22eb4941fa9cc80b463cc3f38e652958c01644be,shell_snapshot_cold_256_mib,ms,lower,368
22eb4941fa9cc80b463cc3f38e652958c01644be,shell_snapshot_cold_512_mib,ms,lower,383.8
22eb4941fa9cc80b463cc3f38e652958c01644be,shell_snapshot_cold_64_mib,ms,lower,352.4
22eb4941fa9cc80b463cc3f38e652958c01644be,shell_snapshot_restore_128_mib,ms,lower,47.9
22eb4941fa9cc80b463cc3f38e652958c01644be,shell_snapshot_restore_256_mib,ms,lower,57.2
22eb4941fa9cc80b463cc3f38e652958c01644be,shell_snapshot_restore_512_mib,ms,lower,69.7
22eb4941fa9cc80b463cc3f38e652958c01644be,shell_snapshot_restore_64_mib,ms,lower,44.7
22eb4941fa9cc80b463cc3f38e652958c01644be,virtfs_live_read,MB/s,higher,814.4
22eb4941fa9cc80b463cc3f38e652958c01644be,virtfs_live_roundtrip,ms,lower,507.6
22eb4941fa9cc80b463cc3f38e652958c01644be,virtfs_live_write,MB/s,higher,573.1
3d2003c06f9d4df4d9b7ccc87a59b595dbb126af,cold_start_base,ms,lower,367.9
3d2003c06f9d4df4d9b7ccc87a59b595dbb126af,cold_start_clocksource,ms,lower,366.8
3d2003c06f9d4df4d9b7ccc87a59b595dbb126af,cold_start_cryptomgr_notests,ms,lower,369
3d2003c06f9d4df4d9b7ccc87a59b595dbb126af,cold_start_mitigations_off,ms,lower,274.5
3d2003c06f9d4df4d9b7ccc87a59b595dbb126af,cold_start_no_timer_check,ms,lower,329.2
3d2003c06f9d4df4d9b7ccc87a59b595dbb126af,cold_start_nokaslr,ms,lower,366.5
3d2003c06f9d4df4d9b7ccc87a59b595dbb126af,cold_start_random_trust_cpu,ms,lower,368
3d2003c06f9d4df4d9b7ccc87a59b595dbb126af,cold_start_rcu_expedited,ms,lower,369.2
3d2003c06f9d4df4d9b7ccc87a59b595dbb126af,cold_start_tsc_reliable,ms,lower,368.4
3d2003c06f9d4df4d9b7ccc87a59b595dbb126af,network_snapshot_cold,ms,lower,384.8
3d2003c06f9d4df4d9b7ccc87a59b595dbb126af,network_snapshot_restore,ms,lower,58.7
3d2003c06f9d4df4d9b7ccc87a59b595dbb126af,network_snapshot_restore_wall,ms,lower,148.2
3d2003c06f9d4df4d9b7ccc87a59b595dbb126af,openvmm_cold_start,ms,lower,231.867273
3d2003c06f9d4df4d9b7ccc87a59b595dbb126af,openvmm_cold_start_guest_exit_teardown,ms,lower,39.658394
3d2003c06f9d4df4d9b7ccc87a59b595dbb126af,openvmm_cold_start_peak_rss,MiB,lower,72.859375
3d2003c06f9d4df4d9b7ccc87a59b595dbb126af,openvmm_snapshot_generation,ms,lower,193.489299
3d2003c06f9d4df4d9b7ccc87a59b595dbb126af,openvmm_snapshot_generation_peak_rss,MiB,lower,74.13671875
3d2003c06f9d4df4d9b7ccc87a59b595dbb126af,openvmm_snapshot_restore,ms,lower,45.472181
3d2003c06f9d4df4d9b7ccc87a59b595dbb126af,openvmm_snapshot_restore_guest_exit_teardown,ms,lower,190.88896
3d2003c06f9d4df4d9b7ccc87a59b595dbb126af,openvmm_snapshot_restore_peak_rss,MiB,lower,50.84375
3d2003c06f9d4df4d9b7ccc87a59b595dbb126af,shell_snapshot_cold_128_mib,ms,lower,368.2
3d2003c06f9d4df4d9b7ccc87a59b595dbb126af,shell_snapshot_cold_256_mib,ms,lower,376.8
3d2003c06f9d4df4d9b7ccc87a59b595dbb126af,shell_snapshot_cold_512_mib,ms,lower,393.9
3d2003c06f9d4df4d9b7ccc87a59b595dbb126af,shell_snapshot_cold_64_mib,ms,lower,363.2
3d2003c06f9d4df4d9b7ccc87a59b595dbb126af,shell_snapshot_restore_128_mib,ms,lower,48.3
3d2003c06f9d4df4d9b7ccc87a59b595dbb126af,shell_snapshot_restore_256_mib,ms,lower,57.1
3d2003c06f9d4df4d9b7ccc87a59b595dbb126af,shell_snapshot_restore_512_mib,ms,lower,72
3d2003c06f9d4df4d9b7ccc87a59b595dbb126af,shell_snapshot_restore_64_mib,ms,lower,47.4
3d2003c06f9d4df4d9b7ccc87a59b595dbb126af,virtfs_live_read,MB/s,higher,852.3
3d2003c06f9d4df4d9b7ccc87a59b595dbb126af,virtfs_live_roundtrip,ms,lower,555.3
3d2003c06f9d4df4d9b7ccc87a59b595dbb126af,virtfs_live_write,MB/s,higher,604.7
